title,author,date,url
Оптимизация производительности Flutter приложений,bagman2020,2024-08-14T07:15:56.000Z,https://habr.com/ru/articles/835890/
Анонс Flutter 1.20,saturovv,2020-08-14T12:04:53.000Z,https://habr.com/ru/companies/surfstudio/articles/515042/
Flutter: Что нового в версии 2.10,Legend5366,2022-04-18T15:15:39.000Z,https://habr.com/ru/articles/661621/
"Что нового во Flutter 3.10, ч.2",kcliffor,2023-06-05T10:39:13.000Z,https://habr.com/ru/articles/739878/
Тестирование производительности Flutter приложений,sharpfellow,2019-05-15T09:37:19.000Z,https://habr.com/ru/articles/451840/
Flutter Dev Podcast с CTO Meduza Борисом Горячевым: главное про приложение Meduzа и медиа-разработку,saturovv,2020-06-05T13:27:33.000Z,https://habr.com/ru/companies/surfstudio/articles/505496/
Flutter 2.8: что нового,saturovv,2021-12-18T10:41:03.000Z,https://habr.com/ru/companies/surfstudio/articles/596405/
Flutter Flame: глобальная оптимизация производительности игрового движка,ASGAlex,2022-12-20T07:41:50.000Z,https://habr.com/ru/articles/706256/
Почему я ушёл с React Native и перешёл во Flutter: Часть 1,KnightForce,2020-07-17T08:17:24.000Z,https://habr.com/ru/companies/surfstudio/articles/511330/
Flutter 3.3 — Что нового во Flutter,lil_master,2022-09-08T13:09:45.000Z,https://habr.com/ru/articles/687186/
Flutter 3.7 — Что нового во Flutter,lil_master,2023-01-26T04:38:08.000Z,https://habr.com/ru/articles/712894/
Flutter 3.22: что нового,mrDevGo,2024-05-15T17:46:11.000Z,https://habr.com/ru/companies/friflex/articles/814637/
Обновление Flutter 3.7: перевод официального релиза и комментарии,Friflex_dev,2023-01-27T10:24:31.000Z,https://habr.com/ru/companies/friflex/articles/713218/
Что нового во Flutter 3.19,kcliffor,2024-03-12T12:40:52.000Z,https://habr.com/ru/articles/799703/
Интеграция нативных SDK во Flutter-приложение,WizAlx,2024-03-14T14:05:51.000Z,https://habr.com/ru/companies/agima/articles/800283/
Flutter 3.16: обзор обновления фреймворка с комментариями разработчиков Surf,Surf_Studio,2023-11-22T15:04:12.000Z,https://habr.com/ru/companies/surfstudio/articles/775714/
Особенности const в Dart и Flutter,maratxat,2024-05-07T07:00:17.000Z,https://habr.com/ru/articles/812443/
Что Flutter 3.22 нам готовит?,Surf_Studio,2024-05-22T11:28:07.000Z,https://habr.com/ru/companies/surfstudio/articles/816001/
Why Flutter? Почему Flutter?,AlexAdrianov,2024-01-18T06:20:56.000Z,https://habr.com/ru/articles/787174/
Flutter 3.19 — Что нового во Flutter,lil_master,2024-02-17T03:21:58.000Z,https://habr.com/ru/articles/794338/
Что нового в Flutter 3.19,mrDevGo,2024-02-16T13:24:19.000Z,https://habr.com/ru/companies/friflex/articles/794272/
Как портировать SDK Flutter на ТВ-приставку для разработки и запуска приложений Android TV,Promwad,2021-04-15T13:05:42.000Z,https://habr.com/ru/articles/552588/
Шпаргалка для QA: как тестировать Flutter-приложения,bug_fix,2024-01-30T09:03:26.000Z,https://habr.com/ru/companies/agima/articles/790048/
Интеграция TFLite во Flutter: внедряем модели машинного обучения в мобильное приложение,ANDROMAQUEHERE,2024-10-22T13:15:43.000Z,https://habr.com/ru/companies/agima/articles/852500/
Что такое keys во Flutter?,ivTimur,2023-10-10T13:10:08.000Z,https://habr.com/ru/articles/766534/
"Пакеты Flutter, которые я использую в каждом проекте",kmoseenk,2022-01-14T08:44:02.000Z,https://habr.com/ru/companies/otus/articles/600013/
Как обрабатывать состояния загрузки и ошибки с помощью StateNotifier и AsyncValue во Flutter,kmoseenk,2022-01-11T09:29:01.000Z,https://habr.com/ru/companies/otus/articles/599991/
"Android и iOS, Flutter и Kotlin: что обо всём этом расскажут на Mobius",lelyakuznetsova,2024-04-22T17:35:50.000Z,https://habr.com/ru/companies/jugru/articles/809395/
Flutter Flame: ускоряем в 32 раза работу со столкновениями,ASGAlex,2022-09-03T07:00:03.000Z,https://habr.com/ru/articles/686180/
Flutter Flame: подходы к оптимизации,ASGAlex,2022-08-14T20:38:30.000Z,https://habr.com/ru/articles/682452/
Flutter. Стиль кода — это все,Holofox,2024-07-26T08:00:15.000Z,https://habr.com/ru/articles/831470/
"Программа Mobius: Android, iOS и всё, что между ними",phillennium,2021-03-31T10:51:29.000Z,https://habr.com/ru/companies/jugru/articles/548916/
Советы по оптимизации производительности растрового потока,MaxRokatansky,2021-10-05T14:55:10.000Z,https://habr.com/ru/companies/otus/articles/581742/
Мобильная разработка за неделю #561 (21 — 27 октября),RoboForm,2024-10-27T14:46:55.000Z,https://habr.com/ru/articles/853822/
Ускорение игрового 2D движка Flame до стабильных максимальных FPS на телефонах и ПК,drakkonne,2023-12-16T12:31:56.000Z,https://habr.com/ru/articles/781028/
Ural Digital Weekend 2023 — программа и спикеры конференции,spectr_dev,2023-07-06T12:54:34.000Z,https://habr.com/ru/companies/spectr/articles/746350/
Яндекс выпустил DivKit. Я – Nui,alphamikle,2024-05-24T06:24:47.000Z,https://habr.com/ru/articles/815489/
Как писать приложения под Android,AlexanderRoshior1369,2024-03-02T10:30:37.000Z,https://habr.com/ru/articles/797609/
Дайджест интересных материалов для мобильного разработчика #272 (24 сентября— 30 сентября),InlyIT,2018-09-30T12:44:25.000Z,https://habr.com/ru/companies/productivity_inside/articles/424901/
Мои советы после 20 лет в программировании,alexeyinkin,2023-12-23T20:20:57.000Z,https://habr.com/ru/articles/782740/
Оптимизация производительности Flutter приложений,bagman2020,2024-08-14T07:15:56.000Z,https://habr.com/ru/articles/835890/
Анонс Flutter 1.20,saturovv,2020-08-14T12:04:53.000Z,https://habr.com/ru/companies/surfstudio/articles/515042/
Flutter: Что нового в версии 2.10,Legend5366,2022-04-18T15:15:39.000Z,https://habr.com/ru/articles/661621/
"Что нового во Flutter 3.10, ч.2",kcliffor,2023-06-05T10:39:13.000Z,https://habr.com/ru/articles/739878/
Тестирование производительности Flutter приложений,sharpfellow,2019-05-15T09:37:19.000Z,https://habr.com/ru/articles/451840/
Flutter Dev Podcast с CTO Meduza Борисом Горячевым: главное про приложение Meduzа и медиа-разработку,saturovv,2020-06-05T13:27:33.000Z,https://habr.com/ru/companies/surfstudio/articles/505496/
Flutter 2.8: что нового,saturovv,2021-12-18T10:41:03.000Z,https://habr.com/ru/companies/surfstudio/articles/596405/
Flutter Flame: глобальная оптимизация производительности игрового движка,ASGAlex,2022-12-20T07:41:50.000Z,https://habr.com/ru/articles/706256/
Почему я ушёл с React Native и перешёл во Flutter: Часть 1,KnightForce,2020-07-17T08:17:24.000Z,https://habr.com/ru/companies/surfstudio/articles/511330/
Flutter 3.3 — Что нового во Flutter,lil_master,2022-09-08T13:09:45.000Z,https://habr.com/ru/articles/687186/
Flutter 3.7 — Что нового во Flutter,lil_master,2023-01-26T04:38:08.000Z,https://habr.com/ru/articles/712894/
Flutter 3.22: что нового,mrDevGo,2024-05-15T17:46:11.000Z,https://habr.com/ru/companies/friflex/articles/814637/
Обновление Flutter 3.7: перевод официального релиза и комментарии,Friflex_dev,2023-01-27T10:24:31.000Z,https://habr.com/ru/companies/friflex/articles/713218/
Что нового во Flutter 3.19,kcliffor,2024-03-12T12:40:52.000Z,https://habr.com/ru/articles/799703/
Интеграция нативных SDK во Flutter-приложение,WizAlx,2024-03-14T14:05:51.000Z,https://habr.com/ru/companies/agima/articles/800283/
Flutter 3.16: обзор обновления фреймворка с комментариями разработчиков Surf,Surf_Studio,2023-11-22T15:04:12.000Z,https://habr.com/ru/companies/surfstudio/articles/775714/
Особенности const в Dart и Flutter,maratxat,2024-05-07T07:00:17.000Z,https://habr.com/ru/articles/812443/
Что Flutter 3.22 нам готовит?,Surf_Studio,2024-05-22T11:28:07.000Z,https://habr.com/ru/companies/surfstudio/articles/816001/
Why Flutter? Почему Flutter?,AlexAdrianov,2024-01-18T06:20:56.000Z,https://habr.com/ru/articles/787174/
Flutter 3.19 — Что нового во Flutter,lil_master,2024-02-17T03:21:58.000Z,https://habr.com/ru/articles/794338/
